description,product_code
perlas de mozzarella fresca hacendado,51052
dentifrico triple accion colgate con fluor,73978
lenteja cocida pardina hacendado,5330
pan de molde espelta 100% integral hacendado,86467
gelatina 0% azucar sabor fresa hacendado,68187
atun claro en aceite de oliva hacendado,18030
queso untar light blanco pasteurizado philadelphia,51079
morcilla oreada d' ontinyent,35049
discos desmaquillantes deliplus redondos,79407
desodorante roll-on dermo extra control sanex,46028
esparragos muy gruesos hacendado blancos enteros,16561
compresa con alas normal evax cotton like,47152
lavavajillas ultra original fairy liquido,16805
tomate cherry,69990
limpiacristales y multiusos bosque verde,43218
platano,3132
queso rallado hacendado especial fundir,51239
lenteja cocida hacendado,5325
queso curado entrepinares,50153
queso havarti light hacendado lonchas,50546
panuelos de papel extra suaves bosque verde,47609
mozzarella fresca hacendado,51050
esparrago verde entero jv ultracongelado,61239
yogur natural edulcorado hacendado 0% materia grasa 0% sin azucares anadidos,20221
verdura floretas de brocoli para micro,69622
pizza masa fina jamon hacendado ultracongelada,63725
aceitunas manzanilla rellenas de anchoa hacendado,33078
salchichon extra hacendado lonchas,59090
aceitunas negras cacerenas hacendado a rodajas,86593
patatas,69066
zanahorias,5251
corazones de alcachofa hacendado,16039
champu anticaspa h&s cabello graso,35309
lavavajillas todo en 1 fairy en pastillas,42186
hamburguesas de vacuno gruesas,3547
dentifrico blanqueador sensation colgate,13868
jamon cocido extra hacendado finas lonchas,59249
nata ligera para cocinar hacendado,10320
cafe molido natural hacendado,11714
servilleta papel suavidad y absorcion bosque verde,49544
protegeslip normal deliplus,47351
yogur natural azucarado hacendado,20558
azucar moreno de cana integral acor,19832
fregasuelos pino bosque verde liquido,43347
alubia cocida blanca hacendado,5124
jamon serrano incarlopsa lonchas extra finas,59151
spaghetti hacendado,6277
salmon marinado ubago,53446
tempura 7 verduras hacendado ultracongelada,61300
queso en dados feta hacendado,51197
guantes de latex rubberex talla pequena,23628
mascarillas higienicas no reutilizables deliplus,13465
servilleta papel cocktail color bosque verde,49544
pimenton dulce hacendado,34102
tomate troceado pelado hacendado,16022
aceitunas rellenas de anchoa hacendado,23759
almendra frita marcona hacendado,34009
tabla de quesos nacionales,50999
gelatina sabor fresa hacendado,68172
pechuga de pavo bajo en sal hacendado finas lonchas,67972
trampa antipolillas de los alimentos bosque verde,72109
limpiador cal y suciedad cillit bang,23549
mejillones en escabeche hacendado medianos,18602
salsa fresca roquefort hacendado,17409
quitagrasas kh-7,23801
queso emmental natual,23561
limpiador muebles jabonoso bosque verde para madera tratada,44110
limpiador antical bosque verde,43025
yogur natural hacendado 0% materia grasa 0% sin azucares,20210
queso tierno mezcla hacendado,50915
fregona resistente y absorbente bosque verde,71071
palitos de pan 100% integral anitin,86559
barra de pan tradicional,83560
caldo de pollo avecrem en pastillas,7014
fregasuelos spa bosque verde liquido,43320
desodorante roll-on unisex sanex dermo extra control,46028
caldo de verduras en pastillas,15592
jabon de manos neutralizante de olores deliplus liquido,46704
champu fuerza & brillo fructis cabello normal,35309
papel multiusos jumbo resistente bosque verde,49173
queso en polvo grana padano zanetti,50008
dados de queso curado y cheddar hacendado,51111
pasta maravilla hacendado,8050
noquis frescos de patata il pastaio,6175
pajaritas con vegetales hacendado,6305
tortitas de maiz tex-mex hacendado,14158
queso de cabra semicurado montesinos,50633
pan de molde con 30% avena hacendado,13810
pan integral 100% rebanado,83858.2
rosquilletas de horno saladitas anitin,18225
mascarilla nutri rizos fructis cabello rizado,73280
escalivada hacendado,82090
tomates kumato,69935
abrillantador lavavajillas finish liquido,86652
lavavajillas classic finish en pastillas,41312
lavavajillas aloe bosque verde concentrado,13644
cacahuete frito hacendado,34143
povidona yodada deliplus,77100
jabon de manos lavanda deliplus pastilla,46882
detergente lavado a mano bosque verde liquido,40114
colgador wc azul perfume marino bosque verde,43474
toallitas limpiadoras de suelo bosque verde,44127
guantes 100% nitrilo bosque verde talla mediana,71226
multiusos desinfectante antibacterias bosque verde,90404
activador del lavado ropa blanca bosque verde en gel,40230
recambio antihumedad bosque verde con aromas citricos,72515
queso blando blanco y azul bergader petit blu,51502
queso brie con trufa castello,81200.1
espinacas en porciones hacendado ultracongelada,15939
toallitas faciales limpiadoras purificantes deliplus pieles grasas,46893
locion facial limpiadora deliplus pieles grasas,46877
toallitas desmaquillantes micelar & oil deliplus para todo tipo de pieles,46859
bolsas zip congelacion medianas bosque verde,49073
filete de vacuno anojo para empanar,4448
alas de pollo partidas,2785
chuletas cordero de lechal congeladas,4364
guisante fino hacendado ultracongelado,22605
tacos de bacalao sin espinas hacendado congelado,24024
ensalada mezcla brotes tiernos,69810
lomo de bacalao sin espinas hacendado congelado,24024
jamoncitos de pollo congelados,2778
locion corporal hydra & go deliplus,47106
crema facial hidratante equilibrante deliplus piel normal a grasa,46947
chocolate con leche nestle,12562
zumo pura naranja hacendado,39032
pechuga de pavo al horno de lena campofrio lonchas,53140
yogur liquido desnatado natural hacendado edulcorado,20558
queso tierno entrepinares lonchas,50385
chuletas de cordero palo o rinonada congeladas,4363
garbanzo pedrosillano hacendado,5219
bechamel hacendado,11433
preparado de carne picada vacuno,69587
almeja del pacifico hacendado congelada,11447
bayeta multiusos suave en rollo bosque verde,71044
recambios maquinilla depilacion gillette venus,15569
desatascador goma zeppilin,43042
mascarilla cabello encrespado pantene liso & sedoso,78567
snack perro tiras sabor bacon compy,38298
queso azul hojas de vaca,51627
queso viejo tostado mezcla hacendado,51228
vino tinto d.o. utiel-requena bobal vinedo antiguo torre oria,37114
cadera de vacuno anojo,2632
pechugas de pollo finas hierbas marinadas,56156
lomo de cerdo iberico adobado,4918
pescadilla de merluza del cabo sin cabeza mascato ultracongelada,13778
lenguado entero hacendado ultracongelado,61327
angurinas de surimi pescanova ultracongeladas,62485
arroz cocido basmati sabroz,5005
alas de pollo congeladas,23632
cereales choco flakes cuetara,9210
filetes lomo al ajillo,2714
yogur natural azucarado nutricia,20248
porciones de bacalao sin espinas y sin piel hacendado congelado,24024
tronquitos de surimi pescanova ultracongelados,61089
lavavajillas clasico bosque verde en pastillas,41463
mascarilla sin aclarado bucle perfect deliplus cabello rizado,22631
berberechos al natural m hacendado,18509
queso untar blanco pasteurizado philadelphia,51073
panales bebe talla 4 de 9-15 kg deliplus,47566
queso gouda viejo hacendado,50533
cereales de trigo inflado con miel hacendado,60236
cuartos traseros de pollo congelados,3727
yogur cremoso con frutas del bosque hacendado 0% materia grasa 0% sin azucares anadidos,21317
bebida de avena alitey,23926
mayonesa hacendado,60869
barritas de barquillo huesitos banadas de chocolate con leche,12526
champu volumen deliplus cabello fino y sin volumen,35470
banderillas gildas hacendado pinchos de anchoa,33235
desodorante roll-on hombre invisible deliplus antimanchas,46416
crema facial dragon's blood anti ox deliplus,50124
nuggets de pollo hacendado ultracongelados,63739
caramelos blandos hacendado,16519
fideos orientales yatekomo sabor pollo gallina blanca,8044
empanadillas de atun hacendado ultracongeladas,61101
agua mineral con gas grande aguadoy,27213
lenteja pardina hacendado,5330
gallos sin cabeza hacendado ultracongelado,61288
pina en su jugo hacendado rodajas,86593
toallitas lavadora bosque verde accion 2 en 1,43482
bolsas congelacion medianas bosque verde,49224
pasta estrellas hacendado,6363
mascarilla liss frizz control deliplus cabello rebelde,44283
mascara de pestanas y cejas transparente deliplus,67577
salmon ahumado ubago,22612
bolsa de basura extra bosque verde 30l cubo mediano,49750
desmaquillador de ojos y labios bifasico deliplus todo tipo de pieles,46949
pan redondo 5 semillas,83558
preparado de carne picada cerdo,69587
bandas de cera especial cara y pequenas zonas deliplus piel sensible,74081
macarron hacendado,6260
renovador suelos bosque verde,43614
snack perro barritas compy con salmon y pollo,52149
pollo entero cuartos horno,2781
medallones solomillo de pavo,4384
medallones preparado de solomillo cerdo provenzal,4384
sardinillas en aceite de oliva hacendado,18225
mejillones al natural hacendado pequenos,18613
yogur sabores hacendado 0% materia grasa 0% sin azucares anadidos,21199
queso fresco burgo de arias,51044
queso gouda tierno holland,50478
lomo de pavo hacendado lonchas,56619
leche entera pascual,83436
cafe en capsula colombia l'or espresso,10354
cafe en capsula colombia hacendado,11715
zumo de pina y uva hacendado,39191
zumo de naranja recien exprimido hacendado,4903
gelatina + proteinas sabor a frutos silvestres hacendado 0% m.g 6 g proteinas,68274
cebolla caramelizada hacendado,67634
cacao soluble colacao original,23231
rodaja de emperador hacendado ultracongelado,61251
galletas choco flakes cuetara,84688
mini aritos perro adulto y senior compy,23172